地區,用途,名稱,網址,來源語言,查核日期,查核方式
高雄,醫療與照護,高雄長庚紀念醫院｜一般神經內科,https://www.cgmh.org.tw/tw/Systems/BranchInfo/8/83700/83770,zh-Hant,2026-10-06,official-page-retrieved
高雄,醫療與照護,高醫附設中和紀念醫院｜神經部,https://www.kmuh.org.tw/Web/WebRegistration/DocIntro/ShowDocList?JsonLoc=%5B%221000%22%5D&virtualCode=1000,zh-Hant,2026-10-06,official-page-retrieved
高雄,醫療與照護,高雄榮民總醫院｜神經內科,https://org.vghks.gov.tw/med/cp.aspx?n=070F98A22DA18F8F,zh-Hant,2026-10-06,official-page-retrieved
高雄,病友支持,高雄市長期照顧中心｜1966與服務窗口,https://health.kcg.gov.tw/Content_List.aspx?n=995D6A3CF8A1D195,zh-Hant,2026-10-06,official-page-retrieved
台灣,專業學會,台灣動作障礙學會,https://www.tmds.org.tw/,zh-Hant,2026-10-06,official-page-retrieved
台灣,醫療與照護,臺大醫院｜巴金森症暨動作障礙中心,https://reg.ntuh.gov.tw/WebReg/Webreg/RegDeptSchedule?realSubDeptCode=08&showBlock=A&vDeptCode=NEUR&vhospCode=T0,"zh-Hant,en",2026-10-06,official-page-retrieved
台灣,醫療與照護,新竹臺大分院｜巴金森與動作障礙整合照護,https://www.hch.gov.tw/?aid=62&pid=100,zh-Hant,2026-10-06,official-page-retrieved
台灣,衛教資訊,巴金森寶典｜病友衛教與紀錄工具,https://www.411pd.org.tw/,zh-Hant,2026-10-06,official-page-retrieved
台灣,病友支持,台灣巴金森之友協會｜協會公告,https://www.411pd.org.tw/list_year/tw/newsroom/,zh-Hant,2026-10-06,official-page-retrieved
台灣,病友支持,衛福部長照專區｜服務申請,https://1966.gov.tw/LTC/cp-6533-70777-207.html,zh-Hant,2026-10-06,official-page-retrieved
台灣,病友支持,家庭照顧者關懷總會｜照顧者支持,https://www.familycare.org.tw/service/892,zh-Hant,2026-10-06,official-page-retrieved
國際,衛教資訊,Parkinson’s Foundation,https://www.parkinson.org/understanding-parkinsons,"en,es",2026-10-06,official-page-retrieved
國際,衛教資訊,The Michael J. Fox Foundation for Parkinson’s Research,https://www.michaeljfox.org/parkinsons-101,en,2026-10-06,official-page-retrieved
國際,病友支持,American Parkinson Disease Association (APDA),https://www.apdaparkinson.org/living-with-parkinsons-disease/,en,2026-10-06,official-page-retrieved
國際,衛教資訊,National Institute of Neurological Disorders and Stroke (NINDS),https://www.ninds.nih.gov/current-research/focus-disorders/parkinsons-disease-research/parkinsons-disease-challenges-progress-and-promise,en,2026-10-06,official-search-index-only
國際,衛教資訊,World Health Organization (WHO),https://www.who.int/news-room/fact-sheets/detail/parkinson-disease,en,2026-10-06,official-page-retrieved
國際,專業學會,International Parkinson and Movement Disorder Society (MDS),https://www.movementdisorders.org/Patient-information,en,2026-10-06,official-page-retrieved
國際,病友支持,Parkinson’s UK,https://www.parkinsons.org.uk/support/newly-diagnosed/services,en,2026-10-06,official-page-retrieved
國際,衛教資訊,NHS,https://www.nhs.uk/conditions/parkinsons-disease/,en,2026-10-06,official-page-retrieved
國際,衛教資訊,MedlinePlus / US National Library of Medicine,https://medlineplus.gov/parkinsonsdisease.html,"en,es",2026-10-06,official-page-retrieved
國際,研究與試驗,ClinicalTrials.gov / US National Library of Medicine,https://clinicaltrials.gov/search?cond=Parkinson%20Disease,en,2026-10-06,official-page-retrieved-client-rendered
國際,衛教資訊,Davis Phinney Foundation,https://davisphinneyfoundation.org/resources/,"en,es",2026-10-06,official-page-retrieved
國際,研究與試驗,NINDS Parkinson’s Disease Biomarkers Program (PDBP),https://pdbp.ninds.nih.gov/researchers,en,2026-10-06,official-page-retrieved
國際,病友支持,France Parkinson｜地方分會,https://www.franceparkinson.fr/les-comites/,fr,2026-10-06,official-page-retrieved
國際,專業學會,France Parkinson｜專業資源,https://www.franceparkinson.fr/pour-les-professionnels/,fr,2026-10-06,official-page-retrieved
國際,病友支持,日本全國巴金森病友會｜各地分會,https://jpda.jp/%E5%90%84%E9%83%BD%E9%81%93%E5%BA%9C%E7%9C%8C%E6%94%AF%E9%83%A8%E3%81%AE%E6%83%85%E5%A0%B1/,ja,2026-10-06,official-page-retrieved
國際,專業學會,Federación Española de Párkinson,https://esparkinson.es/sobre-el-pk/recursos-para-profesionales/,es,2026-10-06,official-page-retrieved
國際,病友支持,Parkinson’s Europe,https://parkinsonseurope.org/map/,en,2026-10-06,official-page-retrieved
國際,衛教資訊,World Parkinson Coalition,https://www.worldpdcoalition.org/page/Webcasts,"en,es",2026-10-06,official-search-index-only
